Address,Latitude,Longitude
"19 Union St Boston, MA, 02108",42.3608802,-71.0567251
"101 Harborside Dr Boston, MA, 02128",42.3592641,-71.0272118
"774 Boylston St Boston, MA, 02199",42.3488587,-71.0810899
"1401 Washington St Boston, MA, 02118",42.3412541,-71.0701926
"255 State St Boston, MA, 02109",42.3593857,-71.0513553
"266 Commercial St Boston, MA, 02109",42.364317,-71.051351
"409 Chelsea St Boston, MA, 02128",42.3798529,-71.0268636
"500 Commonwealth Ave Boston, MA, 02215",42.3486282,-71.0952228
"225 Northern Ave Boston, MA, 02210",42.3483314,-71.0385873
"323 Hanover St Boston, MA, 02113",42.3640621,-71.0539724
"83 Essex St Boston, MA, 02111",42.3523984,-71.0602081
"900 Boylston St Boston, MA, 02115",42.3475962,-71.0851772
"40 Court St Boston, MA, 02108",42.3588496,-71.0592945
"45 Beach St Boston, MA, 02111",42.3513171,-71.060926
"15 Union St Boston, MA, 02108",42.36085,-71.056624
"80 Atlantic Ave Boston, MA, 02110",42.362474,-71.0505556
"761 Boylston St Boston, MA, 02116",42.3492534,-71.0811514
"752 Bennington St East Boston, MA, 02128",42.3855814,-71.0108213
"300 Northern Ave Boston, MA, 02210",42.3479724,-71.0358488
"75 Chestnut St Boston, MA, 02108",42.3569134,-71.0709941
"340 N Market St Boston, MA, 02109",42.3605442,-71.0552566
"20 Charles St Boston, MA, 02114",42.3565591,-71.0697892
"206 Faneuil Hall Marketplace Boston, MA, 02109",42.3603769,-71.0549315
"Faneuil Hall Marketplace Boston, MA, 02109",42.3603769,-71.0549315
"15 Northern Ave Boston, MA, 02210",42.3549799,-71.0509465
"793 Boylston St Boston, MA, 02116",42.3492394,-71.0816024
"5 Hudson St Boston, MA, 02111",42.350931,-71.0601999
"1 Seaport Ln Boston, MA, 02210",42.34924,-71.0415124
"106 Bunker Hill St Charlestown, MA, 02129",42.3775161,-71.0586242
"66 Beach St Boston, MA, 02111",42.3514043,-71.0600374
"63 Salem St Boston, MA, 02113",42.3632371,-71.055975
"510 Atlantic Ave Boston, MA, 02210",42.3536908,-71.0519125
"200 Atlantic Ave Boston, MA, 02110",42.3603203,-71.0512967
"550 Tremont St Boston, MA, 02116",42.343915,-71.071329
"270 Northern Ave Boston, MA, 02210",42.3486426,-71.0377109
"7 Drydock Ave Boston, MA, 02210",42.3444999,-71.0365832
"26 Porter St East Boston, MA, 02128",42.3746613,-71.0378793
"15 Fish Pier Rd Boston, MA, 02210",42.3503378,-71.0380163
"2 Northern Ave Boston, MA, 02210",42.354338,-71.0479456
"41 Union St Boston, MA, 02108",42.3612512,-71.0569499
"60 Long Wharf Boston, MA, 02110",42.3601671,-71.0495214
"135 Market St Brighton, MA, 02135",42.3577819,-71.1485205
"100 Huntington Ave Boston, MA, 02116",42.3471447,-71.0773777
"26 Park Plz Boston, MA, 02116",42.3509603,-71.0677556
"88 Sleeper St Boston, MA, 02210",42.3538179,-71.0486393
"353 Cambridge St Allston, MA, 02134",42.356104,-71.1324579
"27 Beach St Boston, MA, 02111",42.3512603,-71.0618016
"135 Richmond St Boston, MA, 02109",42.3632722,-71.0541008
"1560 Vfw Pkwy West Roxbury, MA, 02132",42.2668244,-71.1685472
"686 Morton St Boston, MA, 02126",42.2847472,-71.0920479
"1856 Centre St West Roxbury, MA, 02132",42.2860147,-71.1545676
"272 Adams St Dorchester, MA, 02122",42.299952,-71.0579946
"50 Dalton St Boston, MA, 02115",42.3469888,-71.085711
"270 Adams St Dorchester, MA, 02122",42.2999728,-71.0585517
"87 A St Boston, MA, 02127",42.3424348,-71.0545821
"25 Tyler St Boston, MA, 02111",42.3506704,-71.0609622
"220 Northern Ave Boston, MA, 02210",42.3491069,-71.0388891
"Location Varies Boston, MA, 02201",42.358158,-71.0585053
"1375 Washington Street Boston, MA, 02118",42.3415092,-71.0695165
"296 State St Boston, MA, 02109",42.3602243,-71.0508754
"1735 Centre St West Roxbury, MA, 02132",42.2874312,-71.1497486
"313 Old Colony Ave South Boston, MA, 02127",42.329517,-71.052818
"505 Massachusetts Ave Roxbury, MA, 02118",42.3390182,-71.0804392
"657 Washington St Dorchester Center, MA, 02124",42.2887727,-71.07147
"529 Washington St Brighton, MA, 02135",42.349175,-71.1629077
"4025 Washington St Roslindale, MA, 02131",42.2919422,-71.1225008
"433 Faneuil St Brighton, MA, 02135",42.351266,-71.1683908
"243 Dorchester St South Boston, MA, 02127",42.3328355,-71.0513289
"467 W Broadway Boston, MA, 02127",42.3356905,-71.0463159
"1 Harborside Dr Boston, MA, 02128",42.3634422,-71.0257812
"1041 Tremont St Roxbury Crossing, MA, 02120",42.3365999,-71.0857765
"49 Warren St Roxbury, MA, 02119",42.3291303,-71.0837041
"1 Charles St Boston, MA, 02108",42.3564175,-71.0694344
"160 Milk Street Boston, MA, 02109",42.358714,-71.052724
"383 Congress St Fort Point, MA, 02210",42.3495958,-71.0475283
"558 Washington St Boston, MA, 02111",42.3537039,-71.0622324
"10 City Sq Charlestown, MA, 02129",42.3723837,-71.0616159
"75 Exeter St Boston, MA, 02116",42.3488381,-71.0794555
"5 High St Boston, MA, 02110",42.3531856,-71.0567199
